{
	"liste" : 
[
	
	{
		"description":"securite imformatique",
		"image": "img1.jpg",
		"prix":"$340.95",
		"details":"securite imformatique";
	}
    {
		"description":"appele offre informatique",
		"image": "img2.jpg",
		"prix":"$299.95",
		"details":"appele offre informatique";
	}
	{
		"description":"discipline carriere informatique",
		"image": "img3.jpg",
		"prix":"$140.95",
		"details":"appele offre informatique";
	}
	{
		"description":"discipline carriere informatique",
		"image": "img3.jpg",
		"prix":"$140.95",
		"details":"appele offre informatique";
	}
	
	
	{
		"description":"Geology",
		"image": "img4.jpg",
		"prix":"183.95",
		"details":"Geology",
		
	}
	{
		"description":"le littoral",
		"image": "img5.jpg",
		"prix":"140.95",
		"details":"le littoral",
		
	}
	{
		"description":"continent et ocean",
		"image": "img6.jpg",
		"prix":"224.95.95",
		"details":"continent et ocean",
		
	}
	
	
	
	
	
	{
		"description":"Uncharted",
		"image": "img13.jpg",
		"prix":"$140.95"
		"details":"Uncharted";
	}
    {
		"description":"Nope",
		"image": "img14.jpg",
		"prix":"$299.95",
		"details":"Nope";
	}
	{
		"description":"Lightner",
		"image": "img15.jpg",
		"prix":"$340.95",
		"details":"Lightner";
	}
	{
		"description":"Avatar",
		"image": "img16.jpg",
		"prix":"$140.95",
		"details":"Advanture";
	}
	
	
	{
		"description":"Vesper",
		"image": "img17.jpg",
		"prix":"183.95",
		"details":"Geology",
		
	}
	{
		"description":"The Rescue",
		"image": "img18.jpg",
		"prix":"140.95",
		"details":"le littoral",
		
	}
	
	
	
	
	
	{
		"description":"Tunic",
		"image": "img7.jpg",
		"prix":"$140.95",
		"details":"TUNIC jeux enthausiasme";
	}
    {
		"description":"MINECRAFT GAME",
		"image": "img8.jpg",
		"prix":"$160.95",
		"details":"MINECRAFT GAME jeux d'aventure";
	}
	{
		"description":"modern warefare",
		"image": "img9.jpg",
		"prix":"$230.95",
		"details":"modern warefare Jeux action";
	}
	{
		"description":"Rumor",
		"image": "img10.jpg",
		"prix":"$120.95",
		"details":"Rumor jeux sans limite";
	}
	
	
	{
		"description":"Legends",
		"image": "img11.jpg",
		"prix":"190.95",
		"details":"Legends jeux De defense ",
		
	}
	{
		"description":"immortal fenyx rising",
		"image": "img12.jpg",
		"prix":"210.95",
		"details":"immortal fenyx rising jeux plein de surprise",
		
	}
	
				
	     ]
				
	     		
}
	
